Sample.description,cellline,drug,drug_dose,dose,time,X14.3.3.beta.R.V_GBL1033882,X14.3.3.epsilon.M.C_GBL1033928,X14.3.3.zeta.R.V_GBL1033883,X4E.BP1.R.V_GBL1033914,X4E.BP1_pS65.R.V_GBL1033671,X4E.BP1_pT37_T46.R.V_GBL1033672,X53BP1.R.V_GBL1033787,A.Raf.R.V_GBL1033858,ACC_pS79.R.V_GBL1033673,ACC1.R.E_GBL1033674,ACVRL1.R.C_GBL1033834,ADAR1.M.V_GBL1033909,Akt.R.V_GBL1033833,Akt_pS473.R.V_GBL1033793,Akt_pT308.R.V_GBL1033851,AMPK.alpha.R.C_GBL1033675,AMPK.alpha_pT172.R.V_GBL1033676,Annexin.I.M.V_GBL1033912,Annexin.VII.M.V_GBL1033907,AR.R.V_GBL1033738,ARHI.M.C_GBL1033929,ATM.R.V_GBL1033874,ATM_pS1981.R.V_GBL1033875,ATP5H.M.C_GBL1033913,ATR.R.C_GBL1033779,b.Catenin.R.V_GBL1033680,b.Catenin_pT41_S45.R.V_GBL1033855,B.Raf.M.C_GBL1033932,B.Raf_pS445.R.V_GBL1033685,Bad_pS112.R.V_GBL1033677,Bak.R.C_GBL1033678,BAP1.M.V_GBL1033930,Bax.R.V_GBL1033679,Bcl.xL.R.V_GBL1033682,Bcl2.M.V_GBL1033931,Beclin.G.C_GBL1033953,Bid.R.C_GBL1033683,Bim.R.V_GBL1033684,BRCA2.R.C_GBL1033740,c.Jun_pS73.R.V_GBL1033689,c.Kit.R.V_GBL1033690,c.Met.M.QC_GBL1033899,c.Met_pY1234_Y1235.R.V_GBL1033735,c.Myc.R.C_GBL1033885,C.Raf.R.V_GBL1033856,C.Raf_pS338.R.V_GBL1033691,Caspase.7.cleaved.R.C_GBL1033686,Caspase.8.M.QC_GBL1033903,Caveolin.1.R.V_GBL1033687,CD29.M.V_GBL1033911,CD31.M.V_GBL1033933,CD49b.M.V_GBL1033902,CDK1.R.V_GBL1033788,Chk1.M.C_GBL1033910,Chk1_pS345.R.C_GBL1033780,Chk2.M.V_GBL1033889,Chk2_pT68.R.C_GBL1033688,Claudin.7.R.V_GBL1033773,Collagen.VI.R.V_GBL1033877,Complex.II.Subunit.M.V_GBL1033934,Cox.IV.M.C_GBL1033935,Cox2.R.C_GBL1033859,Cyclin.B1.R.V_GBL1033693,Cyclin.D1.R.V_GBL1033878,Cyclin.E1.M.V_GBL1033936,Cyclophilin.F.M.V_GBL1033937,DJ1.R.V_GBL1033777,Dvl3.R.V_GBL1033785,E.Cadherin.R.V_GBL1033835,E2F1.M.V_GBL1033938,eEF2.R.C_GBL1033822,eEF2K.R.V_GBL1033823,EGFR.R.V_GBL1033837,EGFR_pY1068.R.C_GBL1033694,EGFR_pY1173.R.V_GBL1033695,eIF4E.R.V_GBL1033734,eIF4G.R.C_GBL1033840,ER.alpha.R.V_GBL1033879,ER.alpha_pS118.R.V_GBL1033794,ERCC1.M.V_GBL1033939,Ets.1.R.V_GBL1033886,FAK.R.E_GBL1033864,FAK_pY397.R.V_GBL1033863,FASN.R.V_GBL1033852,Fibronectin.R.V_GBL1033958,FoxM1.R.V_GBL1033839,FoxO3a.R.C_GBL1033838,FoxO3a_pS318_S321.R.C_GBL1033796,G6PD.M.V_GBL1033940,Gab2.R.V_GBL1033786,GAPDH.M.C_GBL1033890,GATA3.M.V_GBL1033951,GCN5L2.R.V_GBL1033871,GPBB.R.V_GBL1033868,GSK.3ab.M.V_GBL1033941,GSK.3ab_pS21_S9.R.V_GBL1033797,GSK.3b_pS9.R.V_GBL1033831,Gys.R.V_GBL1033818,Gys_pS641.R.V_GBL1033819,HER2.M.V_GBL1033942,HER2_pY1248.R.C_GBL1033827,HER3.R.V_GBL1033884,HER3_pY1289.R.C_GBL1033736,Heregulin.R.V_GBL1033776,HIAP.R.C_GBL1033783,Histone.H3.R.V_GBL1033869,IGF1R.beta.R.V_GBL1033860,IGFBP2.R.V_GBL1033922,INPP4b.R.V_GBL1033826,IRS1.R.V_GBL1033768,JAB1.M.C_GBL1033943,JNK_pT183_Y185.R.V_GBL1033775,JNK2.R.C_GBL1033799,Lck.R.V_GBL1033800,MAPK_pT202_Y204.R.V_GBL1033801,Mcl.1.R.V_GBL1033861,MDM2_pS166.R.V_GBL1033854,MEK1.R.V_GBL1033802,MEK1_pS217_S221.R.V_GBL1033828,MEK2.R.V_GBL1033866,Merlin.R.C_GBL1033821,MIG6.M.V_GBL1033905,MSH2.M.V_GBL1033900,MSH6.R.C_GBL1033824,mTOR.R.V_GBL1033803,mTOR_pS2448.R.C_GBL1033804,Myosin.11.R.V_GBL1033848,Myosin.IIa_pS1943.R.V_GBL1033853,N.Cadherin.R.V_GBL1033805,N.Ras.M.V_GBL1033944,NAPSIN.A.R.C_GBL1033873,NDRG1_pT346.R.V_GBL1033842,NF.kB.p65_pS536.R.C_GBL1033806,Notch1.R.V_GBL1033825,p16INK4a.R.V_GBL1033865,p21.R.V_GBL1033880,p27.Kip.1.R.V_GBL1033778,p27_pT157.R.C_GBL1033772,p27_pT198.R.V_GBL1033774,p38.alpha.M.V_GBL1033908,p38.R.V_GBL1033807,p38_pT180_Y182.R.V_GBL1033808,p53.R.C_GBL1033956,p70.S6K_pT389.R.V_GBL1033811,p70.S6K1.R.V_GBL1033810,PAI.1.M.V_GBL1033891,PARP.cleaved.M.QC_GBL1033892,PARP1.R.V_GBL1033887,Paxillin.R.C_GBL1033812,PCNA.M.C_GBL1033893,Pdcd.1L1.G.C_GBL1033925,Pdcd4.R.C_GBL1033770,PDGFR.beta.R.V_GBL1033862,PDK1.R.V_GBL1033813,PDK1_pS241.R.V_GBL1033814,PEA.15.R.V_GBL1033789,PEA.15_pS116.R.V_GBL1033790,PI3K.p110.alpha.R.C_GBL1033769,PI3K.p85.R.V_GBL1033815,PKC.alpha.M.V_GBL1033894,PKC.alpha_pS657.R.C_GBL1033816,PKC.beta.II_pS660.R.V_GBL1033846,PKC.delta_pS664.R.V_GBL1033784,PMS2.R.V_GBL1033867,Porin.M.V_GBL1033946,PR.R.V_GBL1033720,PRAS40_pT246.R.V_GBL1033737,PREX1.R.V_GBL1033857,PTEN.R.V_GBL1033722,Rab11.R.E_GBL1033832,Rab25.R.V_GBL1033850,Rad50.M.V_GBL1033904,Rad51.R.V_GBL1033870,Raptor.R.V_GBL1033843,Rb.M.QC_GBL1033895,Rb_pS807_S811.R.V_GBL1033721,RBM15.R.V_GBL1033847,Rictor.R.C_GBL1033844,Rictor_pT1135.R.V_GBL1033845,RSK.R.C_GBL1033739,S6_pS235_S236.R.V_GBL1033723,S6_pS240_S244.R.V_GBL1033724,SCD.M.V_GBL1033945,SETD2.R.QC_GBL1033820,SF2.M.V_GBL1033906,Shc_pY317.R.V_GBL1033791,Smac.M.QC_GBL1033896,Smad1.R.V_GBL1033782,Smad3.R.V_GBL1033743,Smad4.M.V_GBL1033947,Snail.M.QC_GBL1033897,Src.M.V_GBL1033898,Src_pY416.R.C_GBL1033725,Src_pY527.R.V_GBL1033726,Stat3_pY705.R.V_GBL1033727,Stat5a.R.V_GBL1033728,Stathmin.1.R.V_GBL1033733,Syk.M.V_GBL1033948,TAZ.R.V_GBL1033741,TFRC.R.V_GBL1033849,TIGAR.R.V_GBL1033836,Transglutaminase.M.V_GBL1033901,TSC1.R.C_GBL1033841,TTF1.R.V_GBL1033830,Tuberin.R.V_GBL1033729,Tuberin_pT1462.R.V_GBL1033730,TWIST.M.C_GBL1033888,Tyro3.R.V_GBL1033829,UBAC1.R.V_GBL1033872,UGT1A.M.V_GBL1033950,UQCRC2.M.C_GBL1033949,VEGFR.2.R.V_GBL1033731,XRCC1.R.C_GBL1033781,YAP.R.E_GBL1033881,YAP_pS127.R.E_GBL1033742,YB1.R.V_GBL1033732,YB1_pS102.R.V_GBL1033771
2D,HCC1954,726BETi,1.0uM,high,24h,0.03952122,0.038115368,0.298133821,0.058660207,0.457009825,0.124436376,-0.004645221,0.363045879,0.310220283,0.608485904,-0.006457243,-0.220771248,0.36332575,0.239807871,-0.005075218,0.208897774,-0.082576417,0.406353757,0.318333546,-0.057411042,0.023419082,-0.069065069,-0.5023643,-0.039596865,-0.073763104,-0.270024754,-0.180005395,-0.23187491,0.191298227,-0.017329465,-0.059757886,-0.210363243,0.012432217,-0.049970018,-0.009830217,-0.030376853,0.084265273,0.119685221,-0.161442943,0.201195404,-0.044857439,-0.199013989,-0.078394091,-0.317877282,0.029768427,0.012102865,-0.069927719,0.027538057,-1.296681057,-0.072579256,-0.145724966,-0.314660506,-0.247783491,-0.257564058,-0.257903908,0.046020444,-0.024992656,-0.33474569,0.164374287,-0.155459893,0.007814471,-0.908065995,-0.603313097,0.343614084,0.247612225,-0.060251865,0.25658145,0.039031968,-0.093913799,-0.043694116,0.179439398,0.061881486,-0.341290597,0.541387885,0.099932899,0.086043288,-0.234864047,-0.020670917,-0.067344073,0.115494218,-0.144138544,0.156998836,-0.643604077,0.428218997,-0.060782449,-0.707117282,0.083845414,0.082996575,0.307670562,0.11015832,0.176707707,-0.728507805,-0.431688332,-0.006844782,0.205488424,0.140004654,0.092689513,0.292104973,-0.302081886,0.180393141,-0.037713006,-0.319284567,0.149607108,-0.141142608,0.032250666,0.245297444,-0.162812334,0.105990636,-0.138835655,0.04189889,0.000848237,-0.104728711,0.32574551,0.096606699,-0.302951841,0.38956907,-0.115115068,0.299451002,0.120716931,-0.086194144,-0.468238581,-0.042302582,0.101323813,-0.090160548,0.16746736,-0.044387526,0.227452638,0.551101143,-0.036734173,0.097140623,-0.185463048,0.064751608,-0.047953479,-0.133867001,0.047316647,0.804455167,-0.189399696,-0.033865315,-0.049677317,0.134223066,0.120432887,-0.247645881,-0.244353558,-0.196717946,0.212125068,-0.681524844,-0.051942995,0.163389428,-0.009651552,0.012805642,-0.527517103,0.182391743,-0.153288273,0.267473064,0.440441396,-0.022435337,-0.061981443,0.02192103,0.103364228,0.01548537,0.012026485,-0.42330665,-0.258572471,-0.309849952,-0.112166966,-0.222751508,-0.094363183,0.129967043,0.338579706,-0.214375836,-0.118619856,-0.326081324,-0.418360639,-0.039725352,0.047906503,-0.361094142,0.013528352,-0.011624846,0.208799894,0.342026399,-0.148042204,0.019398154,0.249585405,-0.158332837,-0.175045522,0.136762035,0.100246104,-0.040922687,0.003962706,0.037490732,-0.050427687,-0.064788509,0.048574341,0.331396468,-0.521712805,0.285021427,-0.06017269,0.145173657,0.00095457,-0.357647242,0.193435502,0.028702196,0.065036821,-0.713704885,0.380765242,-0.208866996,0.051081036,-0.622563918,0.067463049,-0.199522877,-0.276808855,0.127833527,-0.402411899,-0.040824678,-0.292506535,-0.132660354,-0.20848595
2D,HCC1954,151BETi,1.0uM,high,24h,-0.01181252,0.078923236,0.217679501,0.134233643,0.297650388,0.034030606,0.070572352,0.342750758,0.346696822,0.401287583,0.042508899,-0.150136798,0.405557761,-0.160602247,0.093974927,0.132734731,-0.112837131,0.477368374,0.219751828,-0.059581895,0.036636937,0.089844248,-0.152084923,-0.089928181,-0.071630291,-0.439648285,-0.101020708,-0.016979591,0.197253036,0.01594311,-0.074215747,-0.229125754,0.011920543,-0.115083657,-0.018410595,0.116764629,0.010422158,0.062228283,-0.005054715,0.173140503,0.013915263,-0.190922226,-0.080504177,-0.161523753,0.05262378,-0.005424336,-0.002817607,0.016866116,-1.32814843,-0.076723226,-0.079795897,-0.30791144,-0.12286225,0.065221306,-0.114257712,0.135533316,-0.09218003,-0.150650071,-0.232397863,-0.245028667,0.020293053,-0.863171838,-0.506838048,0.384226588,0.139928961,-0.206264127,0.317799486,0.129756205,-0.457137738,-0.07665111,0.27136493,0.120956898,-0.218304244,0.369389232,-0.0186776,-0.146596185,-0.086684398,-0.138553908,-0.097371779,0.084690847,-0.089594657,0.159334358,-0.469429798,0.453233117,-0.045448317,-0.513831423,0.214528825,0.007603475,0.356533884,0.072723448,0.276280368,-0.59911578,-0.295420196,0.056077046,0.231142665,0.16436098,0.207947513,0.245850582,-0.026110309,-0.245341887,-0.134389259,-0.149428861,-0.031835199,-0.08764577,0.052065287,0.124044617,-0.136349235,0.017632804,0.073481729,0.001842183,0.028656706,-0.05689495,0.325974553,0.010176224,-0.249169307,0.337147505,-0.109073731,0.240287178,0.303954333,-0.015029267,-0.429365382,-0.097767584,0.078090089,-0.006726854,0.064092001,-0.062935586,-0.058273504,0.668625696,-0.014497152,-0.01803043,-0.069133511,0.011927421,0.04758618,-0.205764677,-0.023430403,0.599572565,-0.095734124,-0.029894949,-0.212212562,0.174118851,0.243773423,-0.171064988,-0.124521576,-0.002770239,0.156941493,-0.47881369,-0.024489357,0.053775259,0.107257575,0.167621026,-0.337589822,0.196098962,-0.190332378,0.110553786,0.330700993,0.082974558,-0.05649551,0.057832955,0.075642804,-0.012565746,-0.075742556,-0.371321923,-0.341496246,-0.155453176,-0.139253669,-0.090436527,-0.195442662,0.031818937,0.430388357,-0.257160564,-0.14058246,-0.13198209,-0.045546414,-0.069226279,0.019893423,-0.120718339,-0.223754004,-0.092997742,0.205445208,0.354476969,0.069714599,0.231419608,0.258496394,-0.149500725,-0.028803709,0.169204619,0.006924533,-0.089440045,-0.057431683,0.071702834,-0.132278979,-0.138018288,0.002858176,0.07914272,-0.496521068,0.150181875,0.014344297,0.167295619,-0.053820415,-0.350788679,0.198090423,-0.018129127,0.118057646,-0.566375347,0.38454808,-0.042928151,-0.030561896,-0.601391598,0.103069012,-0.215002875,-0.131895684,0.100784841,-0.140100542,-0.202263292,-0.255931875,0.018583598,-0.09126784
2D,HCC1954,762BETi,1.0uM,high,24h,0.051310483,0.074027955,0.350353873,0.142184915,0.468225302,0.12292854,0.09472398,0.391719967,0.488039951,0.750134166,-0.02196747,-0.286412911,0.37194623,0.088558531,-0.076412049,0.190420352,-0.096231281,0.42719232,0.340464191,-0.02784704,0.061995995,0.013864975,-0.470549496,-0.063066309,-0.015885126,-0.450988183,-0.18499854,-0.24243748,0.307767236,-0.036313364,-0.038231936,-0.181681112,-0.036719878,-0.006004082,0.014286666,-0.058823776,0.073681621,-0.058308539,-0.097056502,-0.010605381,-0.053611613,-0.232656271,-0.110157732,-0.378999218,0.090127262,0.027275232,-0.023533053,0.053722569,-1.573045695,-0.045599715,-0.108423955,-0.345382835,-0.163810079,0.110855068,-0.215655465,0.154462097,0.04519645,-0.227906027,0.026734462,-0.221892896,0.022383443,-1.057038265,-0.350369324,0.199840559,0.182180869,-0.259498111,0.282925299,0.067533726,-0.403843711,-0.012682037,0.177209587,0.110364489,-0.383148792,0.452398075,0.096513197,0.060242358,-0.351354356,-0.6232327,-0.073714513,0.160139259,-0.092228216,0.260673824,-0.333451447,0.525618399,-0.094106499,-0.290163871,0.1199548,0.08925318,0.311158681,0.112636666,0.165396844,-0.683835222,-0.367694524,-0.041950192,0.242265697,0.0943729,0.009915036,0.138403041,-0.405649126,-0.078345062,-0.211318648,-0.305663245,0.09288547,-0.11089161,0.07582675,-0.211161013,-0.100767165,0.137125903,-0.065268594,0.051723724,-0.008678713,-0.085890026,0.366925123,0.019373778,-0.188342216,0.200221143,-0.093406244,0.321185569,0.092975938,-0.066511116,-0.52099564,-0.012716225,0.324505317,0.036430249,0.170054591,-0.035784233,0.222384944,0.59170574,-0.047458339,0.128907083,-0.200789643,0.073163952,-0.01655697,-0.406619683,0.051365624,0.471310114,-0.154475192,-0.041418731,-0.115231154,0.157274162,0.178115606,-0.202902507,-0.265267229,-0.005559983,0.197905645,-0.706246614,-0.038775943,0.229438353,0.019673206,0.040752216,-0.620997345,0.139362783,-0.207304781,0.193108861,0.349895618,-0.000861612,-0.112011597,0.106039946,0.139260144,-0.03303862,-0.042208478,-0.322482421,-0.308534305,-0.251772941,-0.167934966,-0.260937178,-0.109433414,0.139953271,0.311592717,-0.271205584,-0.095622562,-0.330706423,-0.221572457,-0.002864922,0.104225584,0.126028504,-0.108375522,-0.026746581,0.333332111,0.374758119,0.112514649,0.229939033,0.28156651,-0.193182299,-0.161684031,0.162963871,0.030144124,0.000374201,0.005963517,0.058080624,-0.09445988,0.040219271,0.129650869,0.239170529,-0.210616983,-0.039574095,-0.018020273,0.188749012,-0.054122079,-0.453460568,0.197333719,0.057495546,0.136281504,-0.542588193,0.38028827,-0.191952069,0.043950521,-0.604801376,0.09391322,-0.23991921,-0.291533541,0.110511085,-0.294351449,-0.106454063,-0.03525263,-0.339028452,-0.147363217
2D,HCC1954,JQ1,2.0uM,high,24h,-0.082295523,-0.04711732,0.360922616,0.156759987,0.549480213,0.195995133,-0.146833018,0.466389955,0.757307727,0.83934206,-0.110878534,-0.365780728,0.530840513,0.204769269,-0.04351493,0.241594113,-0.116514878,0.394877651,0.275350553,0.037877757,0.066127221,-0.142320352,-0.409538573,-0.22736412,-0.03287481,-0.394684302,-0.214465346,-0.301938559,0.222839876,-0.007044626,-0.007461567,-0.383831561,0.052180294,-0.009253574,-0.091911648,-0.025260507,0.143069438,-0.027422045,-0.122899637,0.025616635,0.021485533,-0.296930014,-0.131537336,-0.427962944,-0.020970477,0.020282031,-0.056520106,-0.07763533,-1.601453914,-0.211106598,-0.10779091,-0.415038409,-0.24489758,-0.194629464,-0.121770052,0.05761391,0.063804096,0.435239088,-0.226160695,-0.190697136,-0.003432372,-1.04079798,-0.425790109,0.366947859,0.307481125,-0.232381621,0.226556707,0.064967939,-0.644923441,-0.028229054,0.270326909,0.158110329,-0.363616871,0.630157029,0.117073362,0.089229603,-0.501235098,-0.183030964,-0.015009099,0.037399848,-0.097809868,0.259586162,-0.575741813,0.917199356,-0.174981007,-0.769992291,0.084304084,0.200462079,0.340204713,0.103366961,0.275824239,-0.798756123,-0.491410005,-0.083371624,0.362468841,0.070082181,0.109940113,0.788373314,-0.003418859,-0.043475941,-0.168003079,-0.477982825,0.124747915,-0.186835602,0.152174124,0.0184665,-0.141087126,-0.01597568,-0.080130127,-0.018007865,-0.04617047,-0.106901676,0.466985525,0.00928207,-0.282026343,0.380911158,-0.111296287,0.38177314,0.275627198,-0.024427613,-0.605559084,-0.10781709,0.227813024,-0.026171266,0.140486939,-0.032021841,0.204622777,0.593021147,-0.026050083,0.129246046,-0.119760628,0.133378548,-0.061455523,-0.372051344,0.088415943,0.780952916,-0.178080493,-0.030811454,-0.051308968,0.129481232,0.254131582,-0.282878268,-0.411185544,0.029937708,0.266347861,-0.68326047,-0.089894488,0.215474133,-0.099540402,0.003801398,-0.590817326,0.404439678,-0.233258608,0.296040955,0.381175415,0.073357962,-0.133154399,0.076164044,0.125145364,-0.312933866,-0.387870003,-0.429649048,-0.63077603,-0.298452785,-0.146437884,-0.222257379,-0.138917721,0.157496126,0.541840562,-0.239356244,0.0268544,-0.14983194,-0.319542245,-0.024678046,0.1069369,-0.028881906,-0.145931187,-0.198409691,0.437134937,0.402365516,0.340892685,0.272890028,0.507561838,-0.162049416,-0.074772155,0.188510716,0.044448947,-0.066374069,0.043959057,0.038079476,-0.145623119,0.016261863,0.132951367,0.317315014,-0.523424161,0.487156257,-0.054864295,0.272263099,-0.023206077,-0.289535185,0.194149731,0.160754189,0.186206809,-0.744039726,0.501693372,-0.184844593,-0.042522353,-0.802349996,0.060250926,-0.292954189,-0.421810262,0.029696337,-0.50015436,-0.318691118,-0.178680991,-0.300239683,-0.117108343
2D,HCC1954,726BETi,1.0uM,high,48h,-0.00929231,0.065533407,0.078226799,-0.200062659,0.049644771,0.079473802,0.174234029,0.186954843,-0.135081595,-0.394231103,0.004697612,0.061289453,0.086070278,0.123650213,0.249389733,-0.67488123,0.28100343,-0.097396245,0.253155007,-0.115049193,-0.002692198,0.122335394,-0.003526073,0.064214367,0.001483496,-0.079754365,-0.010784517,-0.102160648,-0.104871274,0.003296761,0.036947092,-0.196945952,0.151454118,0.121712518,0.111433496,-0.045939922,0.011301194,0.114955187,-0.011451292,0.467444637,-0.017404139,-0.07834949,-0.200975902,-1.010577679,-0.101395998,-0.086890412,-0.111236329,0.088279341,-0.716387487,0.179004356,0.106462331,-0.093566633,-0.626919809,-0.169339155,-0.116796235,-0.247493047,-0.100132425,0.02605511,0.094019271,-0.190786512,0.088432176,-0.554977101,-0.412679104,0.103576616,-0.055861097,-0.043617703,0.170832506,0.080639227,0.257739433,-0.047896081,0.100649995,-0.418132898,0.012645026,0.725860804,0.032185036,-0.061169748,-0.027404876,-0.076215389,-0.047560558,-0.093930213,0.060331017,-0.136381895,-0.522484854,0.161350489,0.110403537,-0.569106965,0.229947709,-0.019911708,0.42106898,0.034293649,0.312979068,-0.180816689,-0.228335361,-0.000372942,0.066415119,0.141785229,0.208646082,0.112061608,-0.043849494,0.405016031,0.56340798,-0.114248642,-0.04977038,0.111187624,-0.019515308,0.18694192,-0.108786622,0.352167757,-0.28050745,-0.054342989,0.111605854,0.02869393,0.03250379,0.008494522,-0.018656508,0.389995686,0.022973588,0.007129855,0.160151547,0.106875117,0.074272085,-0.020223991,-0.155703171,-0.167143133,0.049254931,0.075690091,0.085099631,0.079357034,0.022626382,0.12414124,-0.035448092,-0.063728713,0.022408303,0.083785067,-0.015554949,0.481462667,-0.120682493,-0.181971457,-0.368950274,0.083002201,0.077418038,-0.074822642,-0.376640012,0.142660078,0.077616393,-0.031797653,-0.023324289,0.024852528,0.005371112,0.055346081,-0.063578568,-0.545566417,-0.135231563,0.163081538,0.2992318,0.106756208,-0.118714807,-0.16681341,-0.237311931,-0.168353902,-0.165666093,-0.103297475,-0.373592486,-0.513419567,-0.046355046,0.191415634,-0.072979089,0.02934816,0.393121878,0.016866638,-0.285222714,-0.071142092,-0.110696599,-0.074257778,-0.117105018,-0.666664166,-0.000343739,-0.00754769,0.028074722,0.226232626,1.320691245,1.079058258,1.347445494,-0.02737531,0.003586858,0.153009429,0.324161964,-0.119339027,-0.041464408,0.027272809,-0.032612488,-0.588650827,0.090085401,-0.04065987,-0.56315491,0.259900491,0.043246658,-0.432610863,0.067768522,-0.444304672,0.192999109,0.033133651,0.186598344,-0.429436338,0.175811615,-0.176816904,0.041528648,-0.829069938,-0.015738408,-0.126827889,-0.059563815,-0.003355008,-0.35705076,-0.017324524,-0.548798049,-0.195023251,-0.176867854
2D,HCC1954,151BETi,1.0uM,high,48h,-0.030286433,0.060677543,0.099301937,-0.142030276,0.008365193,0.059556163,0.263158938,0.342504353,0.090861235,0.024946877,0.008173174,-0.014790011,0.224210431,0.03281713,0.190047526,-0.601413446,0.092147306,0.001462405,0.196949615,-0.040729296,-0.099459035,0.179528336,-0.025087192,0.057329648,-0.07757859,-0.114961358,-0.083386009,0.045475068,-0.054976753,0.015329634,-0.043822355,-0.193234207,0.127207217,-0.016284763,0.07178175,-0.014661367,-0.02825009,0.087437639,-0.10419973,0.255177352,-0.031900045,0.029051464,-0.159823162,-0.939634782,-0.085305452,-0.079656471,-0.123146043,0.0500971,-0.821233765,0.112767443,-0.019634936,-0.200566496,-0.571782812,-0.145913601,-0.11810676,-0.21889747,-0.139616447,0.102280372,0.129646308,-0.168195546,0.002106591,-0.529862813,-0.206555982,0.105493205,-0.038587773,-0.111988015,0.149185397,0.006109459,0.3946438,-0.0894844,0.13628059,-0.270446009,-0.043780878,0.771570127,-0.01157691,-0.071420911,0.028265806,0.035003141,-0.068646702,-0.039868295,-0.035046754,-0.104463839,-0.538323593,0.426441505,0.049542628,-0.375339243,0.215812013,0.095214707,0.569009223,0.068432312,0.324186896,-0.057366399,-0.196599428,0.098890334,0.110230854,0.194608461,0.234716112,0.235829175,0.07209185,0.295036627,0.631793517,-0.107120236,-0.048463371,0.016368711,0.008166361,-0.097914714,-0.115896069,0.263610278,-0.217867874,-0.02478491,0.141883501,-0.069142133,0.024813206,0.00341651,-0.06384474,0.349734448,-0.009489972,0.114215676,0.248747841,-0.019306553,0.081206502,-0.077488541,-0.084146935,-0.136242429,0.085037038,0.034534002,0.050881265,0.378703172,-0.074565278,-0.01514108,-0.065425231,-0.069995046,-0.009398085,-0.01914303,-0.062098639,0.565984378,-0.105601157,0.003455459,-0.338218651,0.100365412,0.13950631,-0.067987228,-0.231961377,0.030365226,0.110296679,-0.024956714,0.037353909,0.046238845,-0.009533808,0.098767483,-0.014836008,-0.688120052,-0.049539395,0.160306669,0.243058679,0.109240845,-0.142600759,-0.127719283,-0.179929535,-0.012168097,-0.109328857,-0.059157136,-0.277564424,-0.234739607,-0.066543638,-0.066206872,-0.060675725,-0.081991722,0.459962846,-0.002886533,-0.279304965,-0.100271584,-0.124032031,-0.044251868,-0.172475913,-0.414797056,0.031221743,-0.020878709,-0.085647147,0.242398009,1.063120314,0.793750884,1.0590472,0.00282387,-0.007788535,0.210883436,0.122142832,-0.172642352,-0.084993685,0.003452191,-0.06032509,-0.48656331,0.037067399,-0.020413428,-0.452107575,0.135693966,-0.002119387,-0.321342938,0.045438991,-0.497226012,0.183085751,-0.024642284,0.230047301,-0.355514889,0.180597226,-0.090721054,0.046643294,-0.750289147,0.029915392,-0.08225376,-0.027976786,0.09356339,-0.272582936,0.073913919,-0.390160006,-0.16447462,-0.166808551
2D,HCC1954,762BETi,1.0uM,high,48h,0.035690347,0.053304725,0.024265164,-0.094818124,0.078975131,0.103330101,0.257533211,0.167679071,0.042637137,-0.024915321,0.038672809,-0.131893014,-0.082430257,0.051729383,0.203092897,-0.634131112,0.280239441,-0.10444804,0.233015008,-0.121200489,-0.016889545,0.238096649,0.031329677,0.074419299,-0.019351991,-0.157108577,-0.033388837,-0.216511125,-0.052980399,0.085252661,0.07422657,-0.130985762,0.174213118,0.117022588,0.150041076,-0.027866693,-0.017576645,0.157606384,-0.06084536,0.32745659,0.004750677,-0.068081572,-0.216379444,-0.810498796,-0.136308923,-0.012591705,-0.076044169,0.112506182,-0.832493022,0.194361817,0.109750233,-0.227468421,-0.560386375,-0.199035678,-0.127773882,-0.201566005,-0.129280546,-0.138697162,0.357122638,-0.211715014,0.078961151,-0.596524353,-0.237630766,0.05814322,-0.072766717,-0.127161203,0.115903464,0.013194834,0.270540129,-0.048997862,0.012067468,-0.287182196,-0.055416101,0.913899904,-0.067820028,0.010536032,-0.096390417,-0.191044039,-0.041644275,-0.068176903,0.04020859,-0.108531109,-0.354696951,0.05008197,0.083598679,-0.349702849,0.175413804,-0.009832535,0.34750751,0.025705027,0.254370535,-0.08637468,-0.183510014,-0.055271909,0.054067611,0.175861087,0.273997869,-0.057415328,-0.20495494,0.30940396,0.756074069,-0.012188566,-0.056704828,0.133134693,0.001360474,0.026161614,-0.099702779,0.289542785,-0.300508638,0.009699902,0.082209472,0.066318921,-0.275658119,-0.152808425,-0.036463169,0.253874039,0.045563531,0.016370081,0.161869133,0.068231517,-0.057490075,-0.036468234,-0.082772442,-0.146540793,-0.043197087,-0.01750124,0.05646643,0.203991892,-0.055500067,0.123185479,-0.039696067,0.121902158,-0.01030689,0.060148518,0.000171268,0.350016873,-0.089040199,-0.117211311,-0.373852625,0.060243806,0.042209849,-0.004313461,-0.485706778,-0.017832672,0.086326719,-0.056289181,-0.032232236,-0.051533082,-0.059192702,0.071012239,-0.117710798,-0.242198036,-0.195961502,0.123805866,0.236467887,0.110198798,-0.19772702,-0.132911392,-0.194221966,-0.286567089,-0.287198379,-0.114646252,-0.404046956,-0.316715876,-0.092108441,-0.101532197,-0.04579525,-0.007615064,0.21755663,0.019412294,-0.388732885,-0.26021142,-0.112106756,-0.112112179,-0.131271027,-0.537588363,-0.10275657,-0.063043015,0.035527806,0.129502869,0.498335525,0.251560664,0.261727029,-0.062713803,-0.02579278,0.214783932,0.184709656,-0.074523235,-0.025717166,0.028295825,-0.020802865,-0.361531001,0.261620492,0.012109248,-0.298338052,0.02867769,0.065717897,-0.416888327,0.067568293,-0.379769963,0.031065109,0.043276273,0.071084432,-0.342194122,0.05234155,-0.226820947,0.035566297,-0.717329823,-0.0143648,-0.233912154,-0.052087906,-0.026372979,-0.254058095,0.011977168,-0.352237335,-0.201474756,-0.042755091
2D,HCC1954,JQ1,2.0uM,high,48h,-0.098911364,0.10570936,0.195483255,-0.071952902,-0.041124377,0.097919303,0.294047826,0.278715013,0.344971124,-0.233709188,0.047487829,-0.177716992,0.325306839,-0.01114776,-0.073215036,-0.491535788,0.0341723,0.165546559,0.334507388,-0.162009131,-0.082685293,0.167024865,0.162807703,-0.046738599,-0.018626552,-0.455826446,-0.041532528,-0.265008512,-0.020502257,0.003624942,-0.152324083,-0.273853269,0.239061641,-0.071864038,0.014637165,-0.019490155,-0.046171981,0.062089954,-0.122011384,0.244903097,-0.090081999,-0.184847858,-0.190644054,-0.617664064,0.02027884,-0.124356266,-0.104626087,0.101199422,-0.841965732,0.142374581,-0.004424181,-0.215233552,-0.470896957,0.01935796,-0.128812429,-0.164079517,-0.189506703,-0.177742484,0.359586873,-0.373536079,-0.096665465,-0.510104168,-0.291546288,0.303410242,-0.062598546,-0.159532031,0.275298059,0.11879089,0.337472419,-0.150168948,0.317674872,-0.12219006,-0.026702765,0.875241582,-0.018868335,0.054146828,0.074517904,-0.066299864,-0.074453708,-0.103665753,-0.008234658,-0.076200002,-0.535911032,0.387909719,0.019299622,-0.559761357,0.425119869,-0.007604456,0.797328487,0.083658996,0.555089545,-0.283255913,-0.231500317,0.079816091,0.176620371,0.179555694,0.396425881,0.161282324,0.284817857,-0.013361297,0.525204738,-0.27703997,-0.188651111,0.046944187,0.039499077,-0.007735755,-0.097179497,0.218745614,-0.030113115,-0.022388496,0.162717916,0.041577807,0.051474377,-0.303066062,-0.2083013,0.287368393,0.042713532,0.139974651,0.459648256,0.077437985,-0.033359749,-0.044213695,-0.192010053,-0.058122624,0.038549341,0.051545572,-0.033861241,0.465932287,-0.070899715,0.025123278,0.011585658,-0.15356421,0.173549787,-0.044029406,-0.049346764,0.465815032,-0.114591586,-0.079817027,-0.412697992,0.224991559,0.365396688,-0.047174424,-0.268029952,0.204123309,0.176686316,-0.111762306,-0.03380765,-0.145845199,0.084592383,0.251074327,-0.082093326,-0.234817451,-0.248017402,0.142773008,0.309597315,0.214901446,-0.198547433,-0.093078599,-0.147507758,-0.144281171,-0.161124101,-0.310125089,-0.592500298,-0.225708771,-0.157699339,-0.082121914,-0.070604536,-0.1541649,0.468772028,-0.011866149,-0.463054103,-0.227365645,-0.036637902,-0.132825391,-0.148921739,-0.257828992,-0.118679242,-0.130456421,0.011892938,0.334706722,1.72432739,1.41615423,0.51855189,-0.016748268,0.054811993,0.349736391,0.065675355,-0.148887514,-0.068700967,-0.015371889,-0.136211661,-0.705437303,0.069923295,-0.328264158,-0.522764501,0.218555583,0.097053487,-0.200261891,0.06644258,-0.581763774,0.346782957,0.041587783,0.260171711,-0.406057829,0.243842593,-0.066546288,-0.085637462,-0.888989578,0.132070191,-0.233917103,-0.054290658,0.160566276,-0.291692287,0.039251508,-0.441361305,-0.014383644,-0.180196946
3D,HCC1954,726BETi,1.0uM,high,24h,0.002724128,0.066614689,0.178419992,0.212346635,0.00772335,0.241495336,-0.018927119,0.224458652,-0.199122199,-0.294144308,0.064750776,-0.062834558,0.376343279,0.466529642,0.180363155,-0.186283568,-0.13758698,0.134686036,0.101500498,0.012933555,-0.094226405,0.098655698,0.118823413,-5.94E-05,-0.066699112,-0.287371535,0.028131965,-0.193106292,-0.103929793,-0.152863132,-0.111818268,-0.250851469,0.084527994,0.010845126,-0.073899828,-0.020439975,0.033129158,0.225023097,0.065024566,0.056141321,0.004826387,-0.096073987,0.120509119,-0.002841512,-0.068912602,-0.021557375,-0.152434776,-0.126592859,-0.882262171,0.079328169,-0.062152077,-0.080453602,-0.199583522,-0.148962055,-0.017990608,0.033760565,-0.125261176,0.493621832,-0.111500662,-0.101467413,-0.012342725,-0.561329013,-0.078205265,0.084441649,0.123737619,-0.049412972,0.026513312,0.061626662,0.434730171,-0.129476829,0.212558178,0.087462987,-0.07625521,0.186282863,-0.004351803,0.288215485,-0.031713244,0.214454075,-0.095733933,0.018692475,0.045391182,0.019059949,-0.20569504,0.090251535,-0.033140807,-0.685620107,0.225573783,-0.123000269,0.474461498,-0.029009242,0.596267354,-0.167723934,-0.033981965,0.166770545,0.235234514,0.472803777,0.679151299,0.045454757,0.583786267,-0.232092714,-0.008104026,-0.142633539,-0.099786331,0.041197238,0.075683772,-0.095479233,-0.020724458,0.015648409,-0.143944383,0.012979392,0.19293626,-0.066031574,0.333121368,-0.120242131,-0.056172595,0.507578491,-0.102465479,0.07391268,0.229930077,-0.007428798,0.005369649,-0.105052835,-0.018109713,0.206047985,0.192728909,0.09557937,-0.062599779,0.225954689,0.094997138,-0.11286453,-0.028275959,0.185226992,-0.087217192,-0.001378501,0.020382405,0.513458972,0.040582871,-0.006315674,-0.208404663,0.016249994,0.274012768,-0.109297699,-0.207231742,0.05881196,0.129850133,0.045212749,0.069382283,0.145119322,0.397964005,0.143890825,-0.043004127,-0.248755164,-0.104560205,0.145159027,0.349951142,0.110999498,0.178548915,-0.036251576,-0.00512216,0.328137786,0.285917234,-0.136529907,-0.330789347,-0.142745328,-0.093146468,0.107539031,0.324468394,-0.111761028,0.456139292,-0.06936213,0.086637099,-0.092222011,0.042609839,-0.10030971,0.087132476,-0.426572182,0.017058007,-0.128205063,-0.043833402,0.201461599,0.435361866,0.51629211,1.21531339,0.071220817,0.157696229,0.230322408,0.396538284,-0.211758852,-0.121700269,0.025483878,-0.114689673,-0.24703887,-0.116334973,0.06046388,-0.203106348,0.008724477,0.2909617,0.026130046,0.033973787,-0.194959871,0.338332513,-0.177147315,0.186439975,-0.163080502,0.315356699,0.176925621,-0.010112504,-0.628179061,0.268193284,0.120777129,0.029946561,0.068773793,-0.124675964,-0.030157212,-0.334054552,0.499422041,-0.143749561
3D,HCC1954,151BETi,1.0uM,high,24h,0.015106428,0.039136199,0.12195952,0.037219782,0.013509728,0.050627304,0.00990386,0.242565771,-0.206562462,0.086344399,0.038389116,0.020663578,0.265891806,0.222925294,0.244145806,-0.081334476,-0.211396567,0.002798439,-0.026722513,0.131228649,-0.090316266,0.10170006,-0.045827794,0.049004305,0.000915188,-0.06294553,-0.016370276,-0.108042388,-0.005591308,-0.123340013,0.044072525,-0.106723592,-0.005060546,0.08658343,-0.061122365,-0.059162909,-0.04771909,0.12033176,0.151441,0.026212534,0.092499024,-0.021603997,0.119926941,-0.137646284,-0.107338285,-0.043680453,-0.14114132,-0.191503551,-0.626476918,0.031998195,-0.025800842,-0.043009421,-0.209463736,-0.096810054,-0.051197183,0.099880129,-0.117557669,0.542049479,-0.062143959,-0.018311043,0.032877616,-0.655841022,-0.196186271,-0.082807931,0.150560275,-0.050400254,-0.142360045,-0.062392765,0.533555259,-0.033236557,0.009141091,0.078459172,0.019687167,0.233876309,-0.090083424,0.264601426,-0.131954799,-0.109454467,-0.150228519,0.018890758,0.053539949,0.078044538,-0.202081733,0.527999136,0.044271474,-0.503486779,0.128700237,-0.116906133,0.201548698,-0.117060963,0.310181774,-0.183645831,-0.129571485,0.159465869,0.123472311,0.262138683,0.30207983,0.206844285,0.220632987,0.090219317,0.061984739,-0.048548822,-0.007929989,0.113044048,0.113945744,-0.077336633,-0.004598871,0.051275642,-0.128212818,0.007082668,0.125933506,-0.112236401,0.230411387,-0.088800871,-0.037450102,0.401536695,-0.050247544,0.084135155,0.203836153,-0.028380347,0.021846781,-0.12647668,0.12905925,0.116404124,0.263479696,0.068314541,0.040852501,0.343635919,0.054886813,-0.115965718,-0.097963205,0.218912281,-0.151411843,-0.06310312,0.13226069,0.345340954,0.062928102,-0.089970061,-0.115680021,-0.09160096,0.019037357,-0.18574692,-0.183956429,-0.041906239,0.070848191,0.079538676,0.096074902,0.213084147,0.312677313,-0.106324354,-0.03757363,-0.294862028,-0.029292603,0.17243676,0.230449293,0.004775149,0.214281966,-0.050916257,-0.019090762,0.091143315,-0.010697837,-0.259989049,-0.129247256,-0.090406293,-0.09454514,0.052786044,0.251476731,-0.044762893,0.390718908,-0.149673982,0.208198905,-0.084327961,-0.059673989,0.033511777,0.022217691,-0.330048638,0.140909918,0.046650955,0.026931634,0.190647698,0.317695088,0.225524789,1.166213371,0.033730649,0.064401241,0.190499761,0.400552823,-0.240046682,-0.022287636,-0.014334272,0.056691219,-0.223780985,0.008657683,0.183801005,-0.058280684,0.043230012,0.17943116,-0.098936474,0.123725991,-0.079513041,0.158508852,-0.255226085,0.167020316,-0.1782161,0.275891309,0.013564048,0.085888098,-0.53738915,0.227490958,0.052692078,-0.070233723,0.218724135,-0.133318064,-0.082090732,-0.285475761,0.408767976,-0.103030011
3D,HCC1954,762BETi,1.0uM,high,24h,-0.019921022,0.023189516,0.08108339,0.179083644,-0.056808346,0.139168785,-0.012497926,0.194155655,-0.026338113,0.121599345,0.11940113,-0.028298979,0.315298585,0.270048444,0.103457717,-0.390572785,-0.128326502,-0.017628162,-6.79E-05,0.163089117,-0.126101356,0.163156953,0.174655814,0.019722882,-0.074251243,-0.190340477,0.043381929,-0.226788131,0.04970454,-0.135229447,-0.073912386,-0.152486696,0.139074177,0.04477837,-0.072110862,0.027918632,-0.029455166,0.144983485,0.150198566,-0.070910558,0.112963742,-0.119713486,0.058511798,-0.09372234,-0.100563191,0.027805468,-0.240832264,-0.244825375,-0.496282464,0.085239,-0.076215249,-0.066188133,-0.181068178,0.001430433,-0.037748345,0.069715179,-0.14263164,0.468283698,-0.299705928,-0.02546281,0.05596307,-0.453051449,-0.162652843,-0.040792642,0.096815976,-0.000646444,-0.069626282,-0.056478235,0.789473408,-0.041613206,0.177906448,0.118820524,0.016270613,0.350908932,-0.008531619,0.348656565,-0.167447717,0.190252441,-0.166150408,-0.022255392,0.004131023,0.180070114,-0.113899535,0.500034947,0.13757918,-0.551834911,0.121675826,-0.203032479,0.409772276,-0.179545287,0.566324193,-0.109572294,-0.00336718,0.216033492,0.202657412,0.333622681,0.503793128,0.14059451,0.557451819,-0.069337032,0.196959546,-0.102772711,-0.067637478,0.043916452,0.187296221,-0.136721803,-0.030525823,-0.051052302,-0.149825599,-0.057881567,0.344374275,-0.083051973,0.199435572,-0.191717398,0.039716147,0.368638713,-0.105495154,0.001481085,0.162831022,-0.01646356,-0.02688333,-0.166260902,0.066638951,0.172319948,0.276614456,0.051374794,-0.014053427,0.575445063,0.079479443,-0.129766302,0.035351093,0.179042286,-0.153845748,-0.008412947,0.093592479,0.212700219,-0.021361898,-0.018060646,-0.257127509,0.05528762,0.215432802,-0.09754673,-0.143775916,0.013774547,-0.001217139,0.160970992,0.098385656,0.097740832,0.265835428,-0.008883187,0.083434889,-0.198856111,0.063472526,0.12332736,0.276621129,0.148509488,0.13305174,-0.031657253,0.050378418,0.127304864,0.034821161,-0.033331081,-0.22596151,0.023330299,-0.110018375,0.072422537,0.249906684,-0.173073825,0.357067916,-0.113236096,0.268805994,-0.064612731,0.269492974,0.029284998,0.004417095,-0.275721985,0.112933576,-0.055099322,-0.065745632,0.140482608,0.174410749,0.272236427,1.282696823,0.112446376,0.224289709,0.320649551,0.33299464,-0.23463673,-0.084846834,0.031685734,-0.079605523,-0.231551896,0.068123723,0.072833537,0.005960859,-0.004619032,0.266187889,0.173943701,0.039365609,-0.101669018,0.146176919,-0.248314348,0.170454055,-0.199543417,0.233747063,0.245391171,0.010890216,-0.472300545,0.294521587,0.169248699,-0.029362373,0.171191195,-0.068062538,-0.123445328,-0.151021814,0.767150543,0.019217545
3D,HCC1954,JQ1,2.0uM,high,24h,0.07188795,0.021034655,0.118958244,0.014200537,0.009529797,0.00902189,-0.188658889,0.08828026,-0.130221406,0.072162469,0.086948229,-0.099537634,0.293993864,0.341939387,0.149747702,-0.076299411,-0.269648423,0.027555264,0.010825075,0.271486098,-0.07901522,0.004688678,0.06621916,0.067545769,-0.097957057,-0.135169573,-0.027072584,-0.238468289,-0.031919507,-0.175916256,0.000421176,-0.272866026,-0.006770581,-0.015736235,-0.04480586,-0.015235952,-0.006974762,0.113160044,0.08865506,-0.085284135,0.102617908,-0.095919578,0.14365466,-0.225783525,-0.131981198,0.034188561,-0.120261301,-0.170405141,-0.715477935,0.069872264,-0.047465917,-0.124415288,-0.291409407,-0.196729876,-0.021450435,-0.013775763,-0.157224887,0.555358803,-0.21255782,-0.049226639,0.077461151,-0.611265604,-0.243458307,-0.086355792,0.074094781,-0.042389597,-0.064952649,0.001862116,0.336624147,0.006624082,0.122781047,-0.017579037,-0.106183643,0.124191822,0.045194535,0.233082478,-0.10284965,-0.001226114,-0.089321832,-0.062055857,0.096990835,0.032627987,-0.29272849,0.439925441,0.097062654,-0.79685413,0.079733569,-0.084385294,0.351110482,-0.040081404,0.40915789,-0.150687387,-0.150506397,0.224630934,0.189731901,0.37449177,0.491769495,0.214080347,0.23926901,-0.071065521,-0.011049539,-0.134552964,-0.023597815,-0.089956192,0.136262347,-0.143805066,-0.05534746,0.112899628,-0.151108141,-0.041105574,0.217313831,-0.165466611,0.313666675,-0.174932083,0.000512804,0.469635771,-0.057783432,0.12305162,0.25016771,0.011940639,-0.035228348,-0.180225292,0.119638709,0.058100049,0.239706037,0.10268507,0.078020342,0.463709044,0.095944095,-0.090027197,0.086731767,0.180821763,-0.107885681,-0.097147579,0.141486919,0.416661049,-0.050950204,-0.00203966,-0.159984714,-0.02032949,0.059579122,-0.192931288,-0.255764631,0.025954549,0.089619478,0.091112329,0.044267728,0.158857034,0.238749737,-0.097097217,-0.001380449,-0.223144935,-0.051375352,0.144011401,0.226865409,0.031111366,0.123836764,-0.021196048,0.037196828,0.03558329,-0.057873799,-0.182695893,-0.193169901,-0.177935699,-0.079993617,0.017446225,0.058443095,-0.01486408,0.332230707,-0.101578969,0.210177467,-0.038220131,-0.006720773,-0.057519939,0.009401597,-0.472049044,0.000387377,-0.095896913,-0.027166761,0.179593416,0.232392614,0.377524701,1.353560971,0.065739966,0.186078476,0.247768596,0.332065455,-0.221423935,-0.037486249,0.072951856,-0.064843611,-0.180156418,-0.094154835,0.151933903,-0.127736157,0.086487954,0.16680826,-0.01281898,0.005019235,-0.132671971,0.137599886,-0.190368236,0.137304772,-0.289894199,0.23755716,0.082176133,0.162434884,-0.605769808,0.20666819,0.150506227,-0.080467218,0.202377226,-0.174775802,-0.200899365,-0.239539249,0.506157191,-0.114745038
3D,HCC1954,726BETi,1.0uM,high,48h,-0.104009461,0.098113549,-0.199459399,-0.12236882,0.017726184,-0.123989106,0.087081199,0.278273958,-0.120369583,0.098458001,-0.028490888,0.036466052,0.196943658,0.424173646,0.226932153,-0.139775115,-0.308108392,-0.280127236,0.091371778,0.223987441,-0.014455022,0.153258689,0.11052588,0.012779545,0.081240864,-0.091220061,-0.045966878,0.233585813,-0.402190873,-0.153191691,-0.031604819,-0.0788281,-0.021214095,-0.033883579,0.070713446,-0.001764251,-0.025526393,0.070151497,0.00403841,0.21461818,0.123754548,-0.056879007,0.065633893,-0.170763533,-0.103163969,-0.18328706,-0.546058182,-0.079618164,-0.727262753,0.098139479,0.046286826,-0.220948286,-0.206407432,0.060209565,0.05971802,-0.165435055,0.055983414,-0.013467958,-0.321542253,-0.335580911,0.055370593,-0.47447692,-0.246151535,-0.068428029,0.095063026,-0.284604934,-0.074340887,-0.028611385,-0.062972645,0.023445122,0.057987547,-0.248906318,0.030036331,0.567376802,0.12669989,-0.173014008,0.418236786,0.040741233,0.049654663,-0.086150579,0.095187824,-0.046296022,-0.174199553,0.530489564,-0.056628753,-0.29640621,0.12395595,-0.048253961,0.401504434,0.000876066,0.683779668,-0.199056769,-0.018591457,0.268803963,0.117913243,0.18743284,0.449669519,0.197723043,0.548487205,0.156332473,0.549667754,-0.067332609,-0.056271155,0.025386838,0.025015795,-0.206737018,-0.026060842,0.148215976,-0.412317173,0.084802954,0.303966262,0.002005938,0.205795419,-0.12386191,0.061051855,0.484167465,-0.148895743,-0.007198704,0.147053475,0.043691945,0.148467673,-0.0578892,-0.022599737,0.060980531,0.09964599,0.05028242,-0.094916338,0.085324097,0.087982334,0.064102121,0.149466691,-0.093750539,-0.096877902,0.157653693,0.062704553,0.401654768,0.051547137,0.009958388,-0.117683526,-0.023238825,0.025661844,-0.237337785,-0.132668562,0.062155157,0.130253888,-0.10606125,0.081024034,0.308944907,0.128588409,0.008150534,0.030403986,-0.642543622,0.011091299,0.172533826,0.301214338,0.046830141,0.095265649,-0.018226341,-0.097193229,0.019424495,-0.000467407,-0.414731268,-0.070898942,-0.35393565,-0.086733081,0.18896644,-0.129212664,-0.04573515,0.286897408,-0.16839562,-0.18878266,-0.084954699,0.10293049,-0.096983451,-0.059803632,-0.260087206,0.08443355,0.128897393,0.020900811,0.094328433,0.550728797,0.635241249,1.485506783,0.031200827,0.114223193,0.32998158,-0.000870298,-0.102667874,0.074034507,0.130191262,0.075812042,-0.690594863,-0.095496207,-0.238996675,-0.095794852,0.275518882,-0.036684838,-0.410514028,-0.032058239,-0.166855592,0.153232723,-0.135216008,0.18916805,-0.186973399,0.179877458,0.245156739,0.132411899,-0.626480433,0.161428558,-0.029803155,0.010185075,0.082545749,-0.135940876,-0.470370103,-0.468990723,0.215280224,-0.209633439
3D,HCC1954,151BETi,1.0uM,high,48h,-0.036384508,0.066974336,-0.027453127,-0.078385957,0.128437116,-0.03531784,0.074275843,0.349161369,-0.058649412,0.247992738,0.077619684,0.07266446,0.269701529,0.432968429,0.357284487,-0.25231166,-0.236548442,-0.165354828,0.060154666,0.305385787,-0.067480522,0.153297788,0.008982084,0.01516779,0.09732949,0.036499138,-0.054296309,0.018960236,-0.238795618,-0.095335068,0.006131226,0.013865881,0.014957163,0.07165999,0.042457801,-0.075202302,0.018977246,0.046258765,0.026772936,-0.027737848,0.112832889,-0.037180401,0.041377418,-0.886528394,-0.117156449,-0.002030576,-0.538500566,-0.103484561,-0.732365703,0.032251234,0.071329059,-0.17523939,-0.394010882,0.047703039,-0.031905902,0.018505797,0.003240045,0.358963755,-0.368722126,-0.149971902,0.055974367,-0.555825346,-0.123852565,-0.042888794,0.048829408,-0.229482527,-0.021573517,-0.01511258,0.088928704,-0.037306542,0.093429097,-0.075207206,0.052683941,0.365879736,0.029125786,-0.035381805,0.282630588,-0.039737842,0.030251359,-0.042989774,0.010333118,0.140296264,-0.156627633,0.520516481,-0.143592289,-0.185909807,0.141730786,-0.017888717,0.368539278,0.001311574,0.551134413,-0.059394782,-0.027932288,0.129622268,0.158582086,0.260315403,0.440820916,0.093317401,0.30761889,0.279397278,0.388095179,-0.03958062,-0.011343674,0.040244995,0.137382159,-0.365526625,-0.007069966,0.109940517,-0.351965481,0.062230466,0.09577078,-0.052500519,0.247297049,-0.159782709,0.12157302,0.511714329,-0.056695919,0.03229496,0.245293178,-0.026041387,0.210637996,-0.061153149,0.097866814,0.133619571,0.16756083,0.102385007,-0.140177925,0.101388906,0.047448923,-0.096332203,-0.018752869,-0.08636295,-0.163417773,0.107858951,0.067900196,0.323509905,0.08865514,0.051015702,-0.212140941,0.042908057,0.091293168,-0.175595431,-0.197011702,0.032240314,0.171148476,-0.145164295,0.092621201,0.480815986,0.170577499,0.107394932,0.053782215,-0.639024848,0.040379738,0.152268826,0.300770558,0.118483732,0.127627824,-0.017895109,-0.157664093,0.068461736,0.058761511,-0.200430244,-0.044211368,-0.170060559,-0.119556545,0.128346676,-0.0654947,-0.088417275,0.387606984,-0.06489917,-0.066397717,0.061537334,0.009727774,0.025723667,-0.081968935,-0.0795438,0.103076382,0.135627673,0.070830755,0.27146547,0.302207684,0.530842728,1.726592848,0.005276563,0.106717927,0.276164477,0.095827602,-0.12884596,0.00224301,-0.008057916,0.028841352,-0.599392032,-0.056559137,-0.216803735,-0.046654133,0.201062715,-0.019730874,-0.359118918,0.091238287,-0.145734342,0.175848611,-0.144637848,0.17517841,-0.118032891,0.18470328,0.049818425,0.049203872,-0.612186359,0.143831911,-0.024069283,-0.088347599,0.127301931,-0.113642224,-0.232946451,-0.395185984,0.307811744,-0.085487236
3D,HCC1954,762BETi,1.0uM,high,48h,-0.231646079,0.069533797,-0.088717853,0.069766981,0.136402393,0.07838175,0.175926834,0.304761518,-0.016352841,0.266192741,0.033692999,0.073688431,0.247494624,0.496233048,0.294714606,-0.317351765,-0.243245987,-0.107667095,0.244835307,0.228804308,-0.070526807,0.11781446,0.001736415,-0.008890356,0.07357126,-0.014539862,0.01263004,0.127645989,-0.131077302,-0.027188121,-0.04340464,0.045268931,0.116627735,0.052510277,-0.042814584,-0.071804059,0.031209118,0.162218019,-0.024517678,-0.05149759,0.182248271,0.007932205,-0.020294246,-0.817944961,-0.007983765,-0.072437545,-0.565463337,-0.045251929,-0.780555835,0.018003469,-0.110623257,-0.156659793,-0.352929766,0.049821415,0.019251358,0.063002701,0.007754445,0.532666329,-0.194112657,-0.14415357,-0.02582164,-0.483042293,-0.11710973,0.032810665,0.16199016,-0.185675371,0.098044312,0.001046759,0.101281415,-0.05138166,0.137819529,0.033295281,0.101181531,0.582086078,0.177190634,0.035856559,0.289828346,-0.13862914,0.02180155,0.038984819,-0.009348161,0.138910788,0.004860627,0.584341032,-0.129054614,-0.129671405,0.11973476,-0.052581486,0.471993595,0.04278622,0.457289634,-0.012203387,0.041304862,0.103728379,0.215785557,0.339247118,0.567131247,-0.40413784,0.296196394,0.182094683,0.54833641,-0.009835164,-0.003680658,0.054602552,0.157991576,-0.363067961,-0.017472801,0.229197989,-0.308606644,0.084825986,0.279521221,0.00318541,0.233881936,-0.123174024,0.023885393,0.521985543,-0.00192655,0.199406166,0.260797972,-0.034202917,0.136985077,-0.01475059,0.0509922,0.118709157,0.159746575,0.08304034,-0.134572284,0.106011799,0.056541976,0.047810817,0.025676663,-0.000445586,-0.09925913,0.139330662,0.070763055,0.280105968,0.026215892,0.072336774,-0.232569152,-0.014152986,0.118861205,-0.117075336,-0.18946707,-0.0030625,0.235056472,-0.043834739,0.040346413,0.348614353,0.052896363,0.049160695,0.023158996,-0.390191745,-0.053367684,0.157214668,0.359040831,0.086808786,0.087195785,0.017259298,-0.099722672,0.04516191,0.077451553,-0.045113767,0.023591055,-0.159613071,-0.044468284,0.121055201,-0.015189507,-0.08223164,0.293395719,-0.030478575,0.067883871,-0.076085397,-0.008881647,-0.006852293,-0.043207403,-0.050645482,0.149445127,0.129080333,0.036466367,0.152848766,0.120639104,0.342943746,1.628053705,-0.012727649,0.058532704,0.405759011,0.03887998,-0.07248254,0.049287689,0.094002769,0.000607244,-0.476807023,0.064075056,-0.106741403,0.083377383,0.055517884,0.009916816,-0.232200474,0.018412943,-0.075139668,0.213145691,-0.103986082,0.160552729,-0.138828857,0.188166245,0.182683651,0.049690101,-0.483775027,0.211886051,0.120881307,-0.048950359,0.099618301,-0.078189318,-0.318695559,-0.158936849,0.079129722,-0.113280861
3D,HCC1954,JQ1,2.0uM,high,48h,-0.042914173,0.049213784,-0.111288422,-0.202313722,0.014403914,-0.050809478,0.076145523,0.205349167,0.161853048,0.473790488,0.000871765,0.097094133,0.156457899,0.245641867,0.188863491,-0.360821039,-0.109188448,-0.258604332,0.031750656,0.238941382,-0.03312394,0.110355364,0.013351686,0.012671516,0.135316317,0.232951091,-0.005501036,0.132871924,-0.385813228,-0.113175715,-0.065632349,-0.07821389,0.099633355,0.135691279,0.073666105,-0.073444227,-0.04377137,0.083596078,0.033930693,0.0767685,-0.015993462,-0.055983608,0.006920937,-0.704928975,-0.105915038,-0.045782068,-0.522833204,-0.072960437,-0.810770978,-0.047517674,0.029187529,-0.246605999,-0.450981701,0.141469294,0.091711,-0.108667116,0.039440279,0.927548064,0.350837766,-0.215994899,-0.005908655,-0.584804675,-0.098845064,-0.003561114,-0.08285825,-0.143320384,-0.04655485,-0.106647673,0.466152564,-0.023131806,-0.032570999,-0.253055617,0.074589286,0.57537037,-0.026282324,-0.180660861,0.376067262,-0.15504043,0.032440907,-0.134674726,0.128294108,-0.038761195,-0.303393246,0.804975551,-0.13836631,-0.182099838,0.141815646,-0.006246857,0.394609029,-0.062504332,0.388249057,-0.072843248,-0.05796995,0.282374644,0.007601566,0.040211078,0.377134948,0.632516487,0.46847765,0.496873265,0.705405642,-0.056842506,-0.086072965,0.115794858,-0.081447209,-0.219699833,0.004147253,0.189925428,-0.402037845,0.060562612,0.077866259,-0.072463209,0.201530818,-0.120452834,-0.010518487,0.546177122,-0.116398541,-0.129476846,0.126830143,-0.057050925,0.116059806,-0.032827638,-0.03498511,0.044233045,0.085235113,0.062778432,-0.064330609,0.174476657,0.123369298,-0.045523877,0.002477269,-0.190852954,-0.116371406,0.211470885,0.07596021,0.303615578,0.085621674,0.031826566,-0.123207362,-0.06961561,-0.058147037,-0.208446937,-0.188934475,0.016203809,0.117025794,-0.212677166,0.031541818,0.274919616,0.094847319,0.041491412,-0.053219603,-0.581531146,0.027558559,0.072294545,0.201424337,0.074161856,0.200822116,-0.0334235,-0.255117381,0.126077279,0.19794521,-0.35724375,-0.054402515,-0.295379673,-0.074877259,0.291988536,-0.221232468,-0.048588186,0.244940119,-0.043132671,0.094892771,0.082890249,0.068910615,-0.022833805,-0.042812952,-0.045582965,0.162623186,0.08021647,-0.026058871,0.070357631,0.612275886,0.643273732,2.043442025,-0.007028864,0.099309183,0.129289459,0.129368579,-0.075389544,0.067782178,0.02446517,0.037742276,-0.648704872,-0.324768566,-0.315944019,-0.215691346,0.283975364,-0.026278384,-0.466440745,0.118769235,-0.114723987,0.182579995,-0.203811986,0.064552618,-0.127008753,0.125198544,0.167065695,0.067775352,-0.595689256,0.114438952,0.029282064,-0.02900008,0.069025498,-0.123094731,0.077558321,-0.451277004,0.394065918,-0.241355555